id,Geographic Area Name,Total:,Below poverty level:,Percent below poverty level:,Total:AGE:Under 18 years,Below poverty level:AGE:Under 18 years,Percent below poverty level:AGE:Under 18 years,Total:AGE:Under 18 years!!Under 5 years,Below poverty level:AGE:Under 18 years!!Under 5 years,Percent below poverty level:AGE:Under 18 years!!Under 5 years,Total:AGE:Under 18 years!!5 to 17 years,Below poverty level:AGE:Under 18 years!!5 to 17 years,Percent below poverty level:AGE:Under 18 years!!5 to 17 years,Total:AGE:Under 18 years!!Related children of householder under 18 years,Below poverty level:AGE:Under 18 years!!Related children of householder under 18 years,Percent below poverty level:AGE:Under 18 years!!Related children of householder under 18 years,Total:AGE:18 to 64 years,Below poverty level:AGE:18 to 64 years,Percent below poverty level:AGE:18 to 64 years,Total:AGE:18 to 64 years!!18 to 34 years,Below poverty level:AGE:18 to 64 years!!18 to 34 years,Percent below poverty level:AGE:18 to 64 years!!18 to 34 years,Total:AGE:18 to 64 years!!35 to 64 years,Below poverty level:AGE:18 to 64 years!!35 to 64 years,Percent below poverty level:AGE:18 to 64 years!!35 to 64 years,Total:AGE:60 years and over,Below poverty level:AGE:60 years and over,Percent below poverty level:AGE:60 years and over,Total:AGE:65 years and over,Below poverty level:AGE:65 years and over,Percent below poverty level:AGE:65 years and over,Total:SEX:Male,Below poverty level:SEX:Male,Percent below poverty level:SEX:Male,Total:SEX:Female,Below poverty level:SEX:Female,Percent below poverty level:SEX:Female,Total:RACE AND HISPANIC OR LATINO ORIGIN:White alone,Below poverty level:RACE AND HISPANIC OR LATINO ORIGIN:White alone,Percent below poverty level:RACE AND HISPANIC OR LATINO ORIGIN:White alone,Total:RACE AND HISPANIC OR LATINO ORIGIN:Black or African American alone,Below poverty level:RACE AND HISPANIC OR LATINO ORIGIN:Black or African American alone,Percent below poverty level:RACE AND HISPANIC OR LATINO ORIGIN:Black or African American alone,Total:RACE AND HISPANIC OR LATINO ORIGIN:American Indian and Alaska Native alone,Below poverty level:RACE AND HISPANIC OR LATINO ORIGIN:American Indian and Alaska Native alone,Percent below poverty level:RACE AND HISPANIC OR LATINO ORIGIN:American Indian and Alaska Native alone,Total:RACE AND HISPANIC OR LATINO ORIGIN:Asian alone,Below poverty level:RACE AND HISPANIC OR LATINO ORIGIN:Asian alone,Percent below poverty level:RACE AND HISPANIC OR LATINO ORIGIN:Asian alone,Total:RACE AND HISPANIC OR LATINO ORIGIN:Native Hawaiian and Other Pacific Islander alone,Below poverty level:RACE AND HISPANIC OR LATINO ORIGIN:Native Hawaiian and Other Pacific Islander alone,Percent below poverty level:RACE AND HISPANIC OR LATINO ORIGIN:Native Hawaiian and Other Pacific Islander alone,Total:RACE AND HISPANIC OR LATINO ORIGIN:Some other race alone,Below poverty level:RACE AND HISPANIC OR LATINO ORIGIN:Some other race alone,Percent below poverty level:RACE AND HISPANIC OR LATINO ORIGIN:Some other race alone,Total:RACE AND HISPANIC OR LATINO ORIGIN:Two or more races,Below poverty level:RACE AND HISPANIC OR LATINO ORIGIN:Two or more races,Percent below poverty level:RACE AND HISPANIC OR LATINO ORIGIN:Two or more races,Total:RACE AND HISPANIC OR LATINO ORIGIN:Hispanic or Latino origin (of any race),Below poverty level:RACE AND HISPANIC OR LATINO ORIGIN:Hispanic or Latino origin (of any race),Percent below poverty level:RACE AND HISPANIC OR LATINO ORIGIN:Hispanic or Latino origin (of any race),Total:RACE AND HISPANIC OR LATINO ORIGIN:White alone: not Hispanic or Latino,Below poverty level:RACE AND HISPANIC OR LATINO ORIGIN:White alone: not Hispanic or Latino,Percent below poverty level:RACE AND HISPANIC OR LATINO ORIGIN:White alone: not Hispanic or Latino,Total:EDUCATIONAL ATTAINMENT:Population 25 years and over,Below poverty level:EDUCATIONAL ATTAINMENT:Population 25 years and over,Percent below poverty level:EDUCATIONAL ATTAINMENT:Population 25 years and over,Total:EDUCATIONAL ATTAINMENT:Population 25 years and over!!Less than high school graduate,Below poverty level:EDUCATIONAL ATTAINMENT:Population 25 years and over!!Less than high school graduate,Percent below poverty level:EDUCATIONAL ATTAINMENT:Population 25 years and over!!Less than high school graduate,Total:EDUCATIONAL ATTAINMENT:Population 25 years and over!!High school graduate (includes equivalency),Below poverty level:EDUCATIONAL ATTAINMENT:Population 25 years and over!!High school graduate (includes equivalency),Percent below poverty level:EDUCATIONAL ATTAINMENT:Population 25 years and over!!High school graduate (includes equivalency),Total:EDUCATIONAL ATTAINMENT:Population 25 years and over!!Some college: associate's degree,Below poverty level:EDUCATIONAL ATTAINMENT:Population 25 years and over!!Some college: associate's degree,Percent below poverty level:EDUCATIONAL ATTAINMENT:Population 25 years and over!!Some college: associate's degree,Total:EDUCATIONAL ATTAINMENT:Population 25 years and over!!Bachelor's degree or higher,Below poverty level:EDUCATIONAL ATTAINMENT:Population 25 years and over!!Bachelor's degree or higher,Percent below poverty level:EDUCATIONAL ATTAINMENT:Population 25 years and over!!Bachelor's degree or higher,Total:EMPLOYMENT STATUS:Civilian labor force 16 years and over,Below poverty level:EMPLOYMENT STATUS:Civilian labor force 16 years and over,Percent below poverty level:EMPLOYMENT STATUS:Civilian labor force 16 years and over,Total:EMPLOYMENT STATUS:Civilian labor force 16 years and over!!Employed,Below poverty level:EMPLOYMENT STATUS:Civilian labor force 16 years and over!!Employed,Percent below poverty level:EMPLOYMENT STATUS:Civilian labor force 16 years and over!!Employed,Total:EMPLOYMENT STATUS:Civilian labor force 16 years and over!!Employed!!Male,Below poverty level:EMPLOYMENT STATUS:Civilian labor force 16 years and over!!Employed!!Male,Percent below poverty level:EMPLOYMENT STATUS:Civilian labor force 16 years and over!!Employed!!Male,Total:EMPLOYMENT STATUS:Civilian labor force 16 years and over!!Employed!!Female,Below poverty level:EMPLOYMENT STATUS:Civilian labor force 16 years and over!!Employed!!Female,Percent below poverty level:EMPLOYMENT STATUS:Civilian labor force 16 years and over!!Employed!!Female,Total:EMPLOYMENT STATUS:Civilian labor force 16 years and over!!Unemployed,Below poverty level:EMPLOYMENT STATUS:Civilian labor force 16 years and over!!Unemployed,Percent below poverty level:EMPLOYMENT STATUS:Civilian labor force 16 years and over!!Unemployed,Total:EMPLOYMENT STATUS:Civilian labor force 16 years and over!!Unemployed!!Male,Below poverty level:EMPLOYMENT STATUS:Civilian labor force 16 years and over!!Unemployed!!Male,Percent below poverty level:EMPLOYMENT STATUS:Civilian labor force 16 years and over!!Unemployed!!Male,Total:EMPLOYMENT STATUS:Civilian labor force 16 years and over!!Unemployed!!Female,Below poverty level:EMPLOYMENT STATUS:Civilian labor force 16 years and over!!Unemployed!!Female,Percent below poverty level:EMPLOYMENT STATUS:Civilian labor force 16 years and over!!Unemployed!!Female,Total:WORK EXPERIENCE:Population 16 years and over,Below poverty level:WORK EXPERIENCE:Population 16 years and over,Percent below poverty level:WORK EXPERIENCE:Population 16 years and over,Total:WORK EXPERIENCE:Population 16 years and over!!Worked full-time: year-round in the past 12 months,Below poverty level:WORK EXPERIENCE:Population 16 years and over!!Worked full-time: year-round in the past 12 months,Percent below poverty level:WORK EXPERIENCE:Population 16 years and over!!Worked full-time: year-round in the past 12 months,Total:WORK EXPERIENCE:Population 16 years and over!!Worked part-time or part-year in the past 12 months,Below poverty level:WORK EXPERIENCE:Population 16 years and over!!Worked part-time or part-year in the past 12 months,Percent below poverty level:WORK EXPERIENCE:Population 16 years and over!!Worked part-time or part-year in the past 12 months,Total:WORK EXPERIENCE:Population 16 years and over!!Did not work,Below poverty level:WORK EXPERIENCE:Population 16 years and over!!Did not work,Percent below poverty level:WORK EXPERIENCE:Population 16 years and over!!Did not work,Total:ALL INDIVIDUALS WITH INCOME BELOW THE FOLLOWING POVERTY RATIOS:50 percent of poverty level,Below poverty level:ALL INDIVIDUALS WITH INCOME BELOW THE FOLLOWING POVERTY RATIOS:50 percent of poverty level,Percent below poverty level:ALL INDIVIDUALS WITH INCOME BELOW THE FOLLOWING POVERTY RATIOS:50 percent of poverty level,Total:ALL INDIVIDUALS WITH INCOME BELOW THE FOLLOWING POVERTY RATIOS:125 percent of poverty level,Below poverty level:ALL INDIVIDUALS WITH INCOME BELOW THE FOLLOWING POVERTY RATIOS:125 percent of poverty level,Percent below poverty level:ALL INDIVIDUALS WITH INCOME BELOW THE FOLLOWING POVERTY RATIOS:125 percent of poverty level,Total:ALL INDIVIDUALS WITH INCOME BELOW THE FOLLOWING POVERTY RATIOS:150 percent of poverty level,Below poverty level:ALL INDIVIDUALS WITH INCOME BELOW THE FOLLOWING POVERTY RATIOS:150 percent of poverty level,Percent below poverty level:ALL INDIVIDUALS WITH INCOME BELOW THE FOLLOWING POVERTY RATIOS:150 percent of poverty level,Total:ALL INDIVIDUALS WITH INCOME BELOW THE FOLLOWING POVERTY RATIOS:185 percent of poverty level,Below poverty level:ALL INDIVIDUALS WITH INCOME BELOW THE FOLLOWING POVERTY RATIOS:185 percent of poverty level,Percent below poverty level:ALL INDIVIDUALS WITH INCOME BELOW THE FOLLOWING POVERTY RATIOS:185 percent of poverty level,Total:ALL INDIVIDUALS WITH INCOME BELOW THE FOLLOWING POVERTY RATIOS:200 percent of poverty level,Below poverty level:ALL INDIVIDUALS WITH INCOME BELOW THE FOLLOWING POVERTY RATIOS:200 percent of poverty level,Percent below poverty level:ALL INDIVIDUALS WITH INCOME BELOW THE FOLLOWING POVERTY RATIOS:200 percent of poverty level,Total:ALL INDIVIDUALS WITH INCOME BELOW THE FOLLOWING POVERTY RATIOS:300 percent of poverty level,Below poverty level:ALL INDIVIDUALS WITH INCOME BELOW THE FOLLOWING POVERTY RATIOS:300 percent of poverty level,Percent below poverty level:ALL INDIVIDUALS WITH INCOME BELOW THE FOLLOWING POVERTY RATIOS:300 percent of poverty level,Total:ALL INDIVIDUALS WITH INCOME BELOW THE FOLLOWING POVERTY RATIOS:400 percent of poverty level,Below poverty level:ALL INDIVIDUALS WITH INCOME BELOW THE FOLLOWING POVERTY RATIOS:400 percent of poverty level,Percent below poverty level:ALL INDIVIDUALS WITH INCOME BELOW THE FOLLOWING POVERTY RATIOS:400 percent of poverty level,Total:ALL INDIVIDUALS WITH INCOME BELOW THE FOLLOWING POVERTY RATIOS:500 percent of poverty level,Below poverty level:ALL INDIVIDUALS WITH INCOME BELOW THE FOLLOWING POVERTY RATIOS:500 percent of poverty level,Percent below poverty level:ALL INDIVIDUALS WITH INCOME BELOW THE FOLLOWING POVERTY RATIOS:500 percent of poverty level
0400000US02,Alaska,720869,78620,10.9,180258,25327,14.1,51329,8384,16.3,128929,16943,13.1,179037,24235,13.5,454213,47464,10.4,176700,22444,12.7,277513,25020,9.0,132192,9992,7.6,86398,5829,6.7,370771,38912,10.5,350098,39708,11.3,464926,34474,7.4,23967,2719,11.3,107926,24632,22.8,46023,6567,14.3,7846,2267,28.9,9732,733,7.5,60449,7228,12.0,51952,4820,9.3,434277,32089,7.4,478760,43873,9.2,31656,6777,21.4,133759,19063,14.3,167511,13485,8.1,145834,4548,3.1,370092,25814,7.0,344700,17775,5.2,182981,8312,4.5,161719,9463,5.9,25392,8039,31.7,16131,5279,32.7,9261,2760,29.8,559276,55473,9.9,243287,4545,1.9,158463,21941,13.8,157526,28987,18.4,37710,(X),(X),100355,(X),(X),126748,(X),(X),167488,(X),(X),181502,(X),(X),296900,(X),(X),393946,(X),(X),480098,(X),(X)
0400000US23,Maine,1301941,151541,11.6,240662,34878,14.5,61960,9594,15.5,178702,25284,14.1,238546,32908,13.8,793679,92402,11.6,248843,37100,14.9,544836,55302,10.2,375495,36400,9.7,267600,24261,9.1,635636,65931,10.4,666305,85610,12.8,1229684,138045,11.2,17514,3531,20.2,8192,2865,35.0,14583,861,5.9,N,N,N,N,N,N,28350,5198,18.3,20688,5389,26.0,1214331,133986,11.0,970661,100307,10.3,66093,16457,24.9,302809,39471,13.0,293014,28389,9.7,308745,15990,5.2,696053,42881,6.2,671844,36406,5.4,341628,15286,4.5,330216,21120,6.4,24209,6475,26.7,15076,3326,22.1,9133,3149,34.5,1090758,120880,11.1,463457,8397,1.8,273525,39962,14.6,353776,72521,20.5,60264,(X),(X),204217,(X),(X),255666,(X),(X),344229,(X),(X),378642,(X),(X),604470,(X),(X),798827,(X),(X),954763,(X),(X)
0400000US37,North Carolina,10100431,1417873,14.0,2257634,455971,20.2,586457,127425,21.7,1671177,328546,19.7,2243200,441949,19.7,6193752,818929,13.2,2202687,375916,17.1,3991065,443013,11.1,2308346,216846,9.4,1649045,142973,8.7,4879385,620621,12.7,5221046,797252,15.3,6929735,768658,11.1,2135818,450218,21.1,116428,23451,20.1,300144,38272,12.8,9395,2562,27.3,322110,78832,24.5,286801,55880,19.5,972095,240781,24.8,6352932,621514,9.8,6998606,775441,11.1,805993,213336,26.5,1764365,255426,14.5,2169870,214058,9.9,2258378,92621,4.1,5097110,412021,8.1,4846771,333574,6.9,2502264,143882,5.8,2344507,189692,8.1,250339,78447,31.3,123129,34381,27.9,127210,44066,34.6,8106959,1007464,12.4,3547035,106772,3.0,1781526,316070,17.7,2778398,584622,21.0,622599,(X),(X),1900667,(X),(X),2367982,(X),(X),3077150,(X),(X),3396151,(X),(X),5151267,(X),(X),6549114,(X),(X),7602253,(X),(X)
0400000US29,Missouri,5943658,786330,13.2,1347491,247209,18.3,362024,72100,19.9,985467,175109,17.8,1339557,239604,17.9,3598015,457081,12.7,1302511,217438,16.7,2295504,239643,10.4,1406502,127003,9.0,998152,82040,8.2,2896346,351037,12.1,3047312,435293,14.3,4896803,553162,11.3,672581,173133,25.7,26060,4051,15.5,116993,10545,9.0,7119,834,11.7,54311,11969,22.0,169791,32636,19.2,245258,47960,19.6,4724452,519575,11.0,4094908,425674,10.4,380988,98835,25.9,1224956,160939,13.1,1260026,118970,9.4,1228938,46930,3.8,3033935,221430,7.3,2906624,179629,6.2,1488951,78345,5.3,1417673,101284,7.1,127311,41801,32.8,72847,21896,30.1,54464,19905,36.5,4752220,565767,11.9,2120842,56233,2.7,1064305,183013,17.2,1567073,326521,20.8,335885,(X),(X),1066683,(X),(X),1313229,(X),(X),1701072,(X),(X),1873713,(X),(X),2916185,(X),(X),3823677,(X),(X),4469204,(X),(X)
0400000US42,Pennsylvania,12394000,1517870,12.2,2594554,434736,16.8,687014,121224,17.6,1907540,313512,16.4,2583776,424371,16.4,7545401,895975,11.9,2641701,419293,15.9,4903700,476682,9.7,3140519,277523,8.8,2254045,187159,8.3,6042751,678853,11.2,6351249,839017,13.2,9969777,937874,9.4,1344715,350658,26.1,19905,3415,17.2,439388,58993,13.4,N,N,N,298058,99714,33.5,317404,66593,21.0,941442,247710,26.3,9452620,825522,8.7,8816519,869586,9.9,773110,181932,23.5,3020947,369187,12.2,2174989,203866,9.4,2847473,114601,4.0,6505422,424942,6.5,6190351,334613,5.4,3207616,141884,4.4,2982735,192729,6.5,315071,90329,28.7,174212,44329,25.4,140859,46000,32.7,10103860,1127047,11.2,4447319,90273,2.0,2312196,355223,15.4,3344345,681551,20.4,693015,(X),(X),2012077,(X),(X),2470550,(X),(X),3170324,(X),(X),3492477,(X),(X),5450455,(X),(X),7240999,(X),(X),8637022,(X),(X)
0400000US26,Michigan,9774124,1373349,14.1,2122572,412692,19.4,558505,123515,22.1,1564067,289177,18.5,2112972,403427,19.1,5970889,809606,13.6,2148699,382947,17.8,3822190,426659,11.2,2376819,227146,9.6,1680663,151051,9.0,4800063,617730,12.9,4974061,755619,15.2,7672206,873999,11.4,1327896,363270,27.4,51738,10310,19.9,317025,41453,13.1,N,N,N,117440,22486,19.1,283976,61476,21.6,504554,99815,19.8,7332776,808100,11.0,6775474,755784,11.2,593226,164334,27.7,1926790,282761,14.7,2230873,223924,10.0,2024585,84765,4.2,4936431,407008,8.2,4674793,319291,6.8,2450864,133724,5.5,2223929,185567,8.3,261638,87717,33.5,148005,46407,31.4,113633,41310,36.4,7908445,1000222,12.6,3230088,80512,2.5,1910021,339181,17.8,2768336,580529,21.0,632834,(X),(X),1782688,(X),(X),2184825,(X),(X),2800583,(X),(X),3059063,(X),(X),4695204,(X),(X),6115871,(X),(X),7185495,(X),(X)
0400000US31,Nebraska,1875342,206341,11.0,465564,60110,12.9,129512,20264,15.6,336052,39846,11.9,462773,57486,12.4,1117462,124121,11.1,417429,67251,16.1,700033,56870,8.1,410856,31300,7.6,292316,22110,7.6,932016,92051,9.9,943326,114290,12.1,1622956,154466,9.5,87192,20624,23.7,17743,5003,28.2,44129,5356,12.1,N,N,N,44915,10837,24.1,57186,9963,17.4,207920,41753,20.1,1475587,125766,8.5,1245259,105887,8.5,103777,21670,20.9,316897,36557,11.5,415567,34294,8.3,409018,13366,3.3,1023184,74471,7.3,989166,61609,6.2,520421,27024,5.2,468745,34585,7.4,34018,12862,37.8,18978,6869,36.2,15040,5993,39.8,1460593,152675,10.5,723097,17740,2.5,356050,61168,17.2,381446,73767,19.3,85297,(X),(X),290437,(X),(X),362831,(X),(X),486613,(X),(X),536799,(X),(X),870499,(X),(X),1151469,(X),(X),1380052,(X),(X)
0400000US41,Oregon,4113142,516570,12.6,854971,134383,15.7,225073,38552,17.1,629898,95831,15.2,848373,127785,15.1,2529740,324598,12.8,924466,156622,16.9,1605274,167976,10.5,1003301,90403,9.0,728431,57589,7.9,2032648,234333,11.5,2080494,282237,13.6,3457248,411511,11.9,78424,15758,20.1,46040,10099,21.9,186490,20989,11.3,18253,3951,21.6,135767,25009,18.4,190920,29253,15.3,546290,99169,18.2,3095754,344261,11.1,2918965,305277,10.5,274431,58451,21.3,642648,93606,14.6,1003310,101423,10.1,998576,51797,5.2,2125233,164103,7.7,2020195,133348,6.6,1066451,61512,5.8,953744,71836,7.5,105038,30755,29.3,55734,14463,26.0,49304,16292,33.0,3356975,397104,11.8,1382993,35005,2.5,844458,137721,16.3,1129524,224378,19.9,229916,(X),(X),705051,(X),(X),876163,(X),(X),1114306,(X),(X),1226658,(X),(X),1897660,(X),(X),2481964,(X),(X),2920823,(X),(X)
0400000US56,Wyoming,563374,62301,11.1,130118,17986,13.8,34677,5891,17.0,95441,12095,12.7,129731,17639,13.6,339054,37464,11.0,122239,21354,17.5,216815,16110,7.4,135255,10580,7.8,94202,6851,7.3,283869,25538,9.0,279505,36763,13.2,516148,54006,10.5,N,N,N,14977,3719,24.8,N,N,N,N,N,N,8450,1969,23.3,13520,1317,9.7,56158,11324,20.2,474102,46318,9.8,387155,32551,8.4,25425,5722,22.5,110613,10369,9.4,146226,11719,8.0,104891,4741,4.5,297029,21312,7.2,285894,18078,6.3,154674,7197,4.7,131220,10881,8.3,11135,3234,29.0,6167,1331,21.6,4968,1903,38.3,448572,46342,10.3,206877,5730,2.8,108349,17881,16.5,133346,22731,17.0,28721,(X),(X),82292,(X),(X),102615,(X),(X),138085,(X),(X),151657,(X),(X),258777,(X),(X),338959,(X),(X),410359,(X),(X)
0400000US06,California,38818454,4969326,12.8,8863930,1541067,17.4,2392271,416686,17.4,6471659,1124381,17.4,8825297,1504746,17.1,24382216,2841730,11.7,9412521,1304709,13.9,14969695,1537021,10.3,7851996,830994,10.6,5572308,586529,10.5,19204658,2230015,11.6,19613796,2739311,14.0,23136231,2743041,11.9,2183798,424631,19.4,291058,43780,15.0,5734820,580527,10.1,152405,22154,14.5,5359898,924758,17.3,1960244,230435,11.8,15275431,2522812,16.5,14244413,1287610,9.0,26482989,2772904,10.5,4252245,884052,20.8,5455998,717356,13.1,7635967,731051,9.6,9138779,440445,4.8,19960561,1367802,6.9,18867391,1073579,5.7,10185501,511410,5.0,8681890,562169,6.5,1093170,294223,26.9,577469,148211,25.7,515701,146012,28.3,30946533,3591488,11.6,13124730,328464,2.5,7327587,1015062,13.9,10494216,2247962,21.4,2275195,(X),(X),6665447,(X),(X),8274348,(X),(X),10629810,(X),(X),11628732,(X),(X),17492658,(X),(X),22362486,(X),(X),26002977,(X),(X)
0400000US28,Mississippi,2886448,567645,19.7,695058,192952,27.8,173937,52488,30.2,521121,140464,27.0,693135,191181,27.6,1730365,317656,18.4,632267,145592,23.0,1098098,172064,15.7,650480,88108,13.5,461025,57037,12.4,1385022,239218,17.3,1501426,328427,21.9,1687314,208008,12.3,1089708,334553,30.7,12441,5511,44.3,25273,4498,17.8,N,N,N,27598,5347,19.4,42935,9250,21.5,81592,19779,24.2,1639226,194743,11.9,1925773,299388,15.5,270642,86191,31.8,568876,111281,19.6,630521,79099,12.5,455734,22817,5.0,1318310,143250,10.9,1224058,106404,8.7,627321,38248,6.1,596737,68156,11.4,94252,36846,39.1,45849,14946,32.6,48403,21900,45.2,2271941,393440,17.3,917904,40820,4.4,438827,95764,21.8,915210,256856,28.1,264940,(X),(X),744760,(X),(X),904931,(X),(X),1104261,(X),(X),1194899,(X),(X),1715835,(X),(X),2104912,(X),(X),2375330,(X),(X)
0400000US09,Connecticut,3468263,361377,10.4,726550,102083,14.1,178579,26891,15.1,547971,75192,13.7,723454,99250,13.7,2149512,212216,9.9,728000,90454,12.4,1421512,121762,8.6,842853,67772,8.0,592201,47078,7.9,1683399,154384,9.2,1784864,206993,11.6,2614602,204377,7.8,374605,69733,18.6,9326,2316,24.8,162016,13021,8.0,N,N,N,189785,52645,27.7,116912,19102,16.3,575681,134846,23.4,2300370,140221,6.1,2455160,215440,8.8,216155,51296,23.7,651539,78720,12.1,603954,49095,8.1,983512,36329,3.7,1908870,113866,6.0,1803278,85527,4.7,928575,34601,3.7,874703,50926,5.8,105592,28339,26.8,57193,13007,22.7,48399,15332,31.7,2836473,269118,9.5,1250088,16979,1.4,711196,92754,13.0,875189,159385,18.2,157621,(X),(X),470748,(X),(X),580743,(X),(X),742025,(X),(X),810143,(X),(X),1249454,(X),(X),1648185,(X),(X),1995939,(X),(X)
0400000US48,Texas,28074573,4180675,14.9,7310961,1545362,21.1,1983171,449075,22.6,5327790,1096287,20.6,7285370,1522277,20.9,17248984,2244126,13.0,6717820,1086188,16.2,10531164,1157938,11.0,5036878,570870,11.3,3514628,391187,11.1,13835779,1853119,13.4,14238794,2327556,16.3,20695054,2864428,13.8,3379971,662608,19.6,145864,22821,15.6,1410236,152681,10.8,20700,2932,14.2,1682673,373554,22.2,740075,101651,13.7,11172900,2333851,20.9,11633748,987132,8.5,18135150,2084809,11.5,2864121,703353,24.6,4491129,634498,14.1,5200963,497155,9.6,5578937,249803,4.5,14128457,1131341,8.0,13442566,939987,7.0,7307060,444698,6.1,6135506,495289,8.1,685891,191354,27.9,367070,88527,24.1,318821,102827,32.3,21572682,2784219,12.9,10051652,364518,3.6,4550378,796830,17.5,6970652,1622871,23.3,1815948,(X),(X),5559872,(X),(X),6929092,(X),(X),8842771,(X),(X),9652051,(X),(X),14219138,(X),(X),17992542,(X),(X),20741714,(X),(X)
0400000US16,Idaho,1723154,203264,11.8,439332,62855,14.3,112081,18788,16.8,327251,44067,13.5,437390,61058,14.0,1009212,116741,11.6,379101,62415,16.5,630111,54326,8.6,377773,33486,8.9,274610,23668,8.6,863284,95446,11.1,859870,107818,12.5,1550333,172516,11.1,11322,2934,25.9,21846,5191,23.8,26647,2448,9.2,N,N,N,58387,10653,18.2,52031,8855,17.0,217658,45053,20.7,1411247,144048,10.2,1128847,105269,9.3,101339,18744,18.5,311893,37605,12.1,400096,34954,8.7,315519,13966,4.4,836890,61695,7.4,803967,54630,6.8,437147,23648,5.4,366820,30982,8.4,32923,7065,21.5,16384,3728,22.8,16539,3337,20.2,1332303,146124,11.0,553458,15038,2.7,348248,56715,16.3,430597,74371,17.3,82577,(X),(X),295600,(X),(X),380818,(X),(X),508486,(X),(X),570090,(X),(X),918492,(X),(X),1176889,(X),(X),1358206,(X),(X)
0400000US24,Maryland,5899819,528203,9.0,1317517,152237,11.6,354220,41080,11.6,963297,111157,11.5,1311979,147384,11.2,3674160,309534,8.4,1287861,137901,10.7,2386299,171633,7.2,1298370,96882,7.5,908142,66432,7.3,2845570,225963,7.9,3054249,302240,9.9,3236539,206208,6.4,1754415,232083,13.2,12654,1677,13.3,372474,26008,7.0,N,N,N,299922,42213,14.1,216560,20000,9.2,617303,74818,12.1,2972090,175979,5.9,4107891,306039,7.5,381715,69926,18.3,982605,112332,11.4,1048559,72825,6.9,1695012,50956,3.0,3233650,162881,5.0,3075957,123546,4.0,1558439,49598,3.2,1517518,73948,4.9,157693,39335,24.9,78153,17248,22.1,79540,22087,27.8,4730095,393165,8.3,2294900,35876,1.6,1057630,126593,12.0,1377565,230696,16.7,259827,(X),(X),697991,(X),(X),875225,(X),(X),1140847,(X),(X),1256225,(X),(X),2008712,(X),(X),2756703,(X),(X),3392933,(X),(X)
0400000US35,New Mexico,2051759,399456,19.5,470978,124024,26.3,116336,32985,28.4,354642,91039,25.7,467207,120319,25.8,1217540,227009,18.6,458497,100415,21.9,759043,126594,16.7,498106,70928,14.2,363241,48423,13.3,1008775,184987,18.3,1042984,214469,20.6,1571169,271024,17.2,43424,11596,26.7,197648,66337,33.6,33480,4061,12.1,N,N,N,139058,33840,24.3,64515,12136,18.8,1006263,232785,23.1,759055,88776,11.7,1393563,227258,16.3,198444,66287,33.4,364117,69951,19.2,440685,64451,14.6,390317,26569,6.8,928524,105821,11.4,872783,86916,10.0,457270,37339,8.2,415513,49577,11.9,55741,18905,33.9,31191,10349,33.2,24550,8556,34.9,1638020,290197,17.7,630526,28870,4.6,335883,77365,23.0,671611,183962,27.4,187319,(X),(X),526096,(X),(X),636293,(X),(X),789992,(X),(X),853015,(X),(X),1195955,(X),(X),1477793,(X),(X),1648483,(X),(X)
0400000US01,Alabama,4763828,800422,16.8,1070267,255186,23.8,282011,73474,26.1,788256,181712,23.1,1066361,251471,23.6,2881507,461988,16.0,1039098,205565,19.8,1842409,256423,13.9,1128254,127623,11.3,812054,83248,10.3,2298424,343856,15.0,2465404,456566,18.5,3234891,382735,11.8,1261791,349597,27.7,21318,4060,19.0,63405,6413,10.1,N,N,N,83031,32015,38.6,97667,24898,25.5,206755,64845,31.4,3123901,353479,11.3,3277745,441028,13.5,428506,129651,30.3,1002824,164258,16.4,998639,109846,11.0,847776,37273,4.4,2207384,196093,8.9,2083330,146030,7.0,1084709,58764,5.4,998621,87266,8.7,124054,50063,40.4,63749,20921,32.8,60305,29142,48.3,3824668,573986,15.0,1558362,50903,3.3,729862,146466,20.1,1536444,376617,24.5,363398,(X),(X),1045821,(X),(X),1283409,(X),(X),1622952,(X),(X),1739680,(X),(X),2544842,(X),(X),3219037,(X),(X),3708401,(X),(X)
0400000US47,Tennessee,6603013,1011016,15.3,1482119,330998,22.3,394723,105352,26.7,1087396,225646,20.8,1476198,325667,22.1,4044245,581364,14.4,1454184,265635,18.3,2590061,315729,12.2,1518257,152309,10.0,1076649,98654,9.2,3208462,446701,13.9,3394551,564315,16.6,5116336,641530,12.5,1099464,290776,26.4,18453,3920,21.2,116037,13543,11.7,5343,1910,35.7,98860,25376,25.7,148520,33961,22.9,363851,88555,24.3,4871770,582951,12.0,4563500,553176,12.1,541864,152874,28.2,1443984,218855,15.2,1307873,128200,9.8,1269779,53247,4.2,3290319,287651,8.7,3111617,219982,7.1,1618514,95027,5.9,1493103,124955,8.4,178702,67669,37.9,89701,30884,34.4,89001,36785,41.3,5291022,710591,13.4,2315687,79315,3.4,1089467,205267,18.8,1885868,426009,22.6,433900,(X),(X),1331724,(X),(X),1670884,(X),(X),2120365,(X),(X),2335364,(X),(X),3490597,(X),(X),4436669,(X),(X),5109331,(X),(X)
0400000US50,Vermont,601261,66013,11.0,112933,13712,12.1,28059,2974,10.6,84874,10738,12.7,111399,12329,11.1,367763,41095,11.2,121869,17313,14.2,245894,23782,9.7,169342,15212,9.0,120565,11206,9.3,295420,30405,10.3,305841,35608,11.6,566857,60097,10.6,6930,930,13.4,N,N,N,11213,2076,18.5,N,N,N,N,N,N,11952,2342,19.6,11194,2149,19.2,558277,58422,10.5,440388,41371,9.4,27564,8227,29.8,125728,16771,13.3,115724,8513,7.4,171372,7860,4.6,336705,21056,6.3,323840,17763,5.5,161322,6407,4.0,162518,11356,7.0,12865,3293,25.6,8270,2356,28.5,4595,937,20.4,502544,53993,10.7,216934,2723,1.3,140661,20706,14.7,144949,30564,21.1,28406,(X),(X),86080,(X),(X),104981,(X),(X),139049,(X),(X),155381,(X),(X),256157,(X),(X),347203,(X),(X),423883,(X),(X)
0400000US32,Nevada,2991978,387327,12.9,677441,120091,17.7,181422,35023,19.3,496019,85068,17.2,673541,116468,17.3,1843913,221065,12.0,677014,90121,13.3,1166899,130944,11.2,656088,68012,10.4,470624,46171,9.8,1493300,175404,11.7,1498678,211923,14.1,1900241,197579,10.4,272539,58573,21.5,43007,11806,27.5,248678,22821,9.2,19437,2196,11.3,354326,69161,19.5,153750,25191,16.4,868977,147535,17.0,1451197,129680,8.9,2073062,229836,11.1,268541,55906,20.8,573140,73972,12.9,710658,71299,10.0,520723,28659,5.5,1530480,109060,7.1,1445310,84140,5.8,770569,38028,4.9,674741,46112,6.8,85170,24920,29.3,45975,13221,28.8,39195,11699,29.8,2389716,280032,11.7,1046957,28216,2.7,529129,78016,14.7,813630,173800,21.4,174548,(X),(X),521573,(X),(X),657971,(X),(X),857896,(X),(X),954163,(X),(X),1524746,(X),(X),1959213,(X),(X),2256299,(X),(X)
0400000US54,West Virginia,1753476,312188,17.8,353722,86713,24.5,91059,25235,27.7,262663,61478,23.4,351417,84482,24.0,1047767,190312,18.2,347924,82787,23.8,699843,107525,15.4,482440,54619,11.3,351987,35163,10.0,864709,143349,16.6,888767,168839,19.0,1638174,280251,17.1,60718,17378,28.6,N,N,N,13210,2739,20.7,N,N,N,5984,1271,21.2,32434,10032,30.9,23560,4165,17.7,1621584,277102,17.1,1255405,180883,14.4,150000,44922,29.9,495961,76509,15.4,337730,45480,13.5,271714,13972,5.1,781287,75060,9.6,736919,57713,7.8,388028,25275,6.5,348891,32438,9.3,44368,17347,39.1,25314,7925,31.3,19054,9422,49.4,1443862,235367,16.3,533833,16240,3.0,277221,61331,22.1,632808,157796,24.9,132751,(X),(X),415783,(X),(X),502466,(X),(X),633469,(X),(X),681768,(X),(X),1006871,(X),(X),1248723,(X),(X),1416073,(X),(X)
0400000US40,Oklahoma,3825027,596949,15.6,936031,202779,21.7,251152,62134,24.7,684879,140645,20.5,931738,198846,21.3,2288331,341808,14.9,867587,169396,19.5,1420744,172412,12.1,835995,80830,9.7,600665,52362,8.7,1876654,269559,14.4,1948373,327390,16.8,2766176,365519,13.2,271075,74777,27.6,298706,58185,19.5,83120,11607,14.0,3764,736,19.6,107893,28018,26.0,294293,58107,19.7,415131,95343,23.0,2500248,307808,12.3,2549337,307478,12.1,285613,72748,25.5,791851,119787,15.1,807511,86077,10.7,664362,28866,4.3,1859043,170173,9.2,1779992,140211,7.9,943671,61290,6.5,836321,78921,9.4,79051,29962,37.9,42721,15749,36.9,36330,14213,39.1,2990367,410064,13.7,1324274,47515,3.6,630282,133111,21.1,1035811,229438,22.2,264068,(X),(X),783754,(X),(X),971555,(X),(X),1250926,(X),(X),1375662,(X),(X),2065877,(X),(X),2634219,(X),(X),3012459,(X),(X)
0400000US55,Wisconsin,5665153,625826,11.0,1247282,175243,14.0,324132,51696,15.9,923150,123547,13.4,1240322,169022,13.6,3456436,374548,10.8,1209243,196318,16.2,2247193,178230,7.9,1363776,108433,8.0,961435,76035,7.9,2806395,282420,10.1,2858758,343406,12.0,4842685,424619,8.8,349711,111254,31.8,48471,10392,21.4,161905,26433,16.3,N,N,N,119925,26685,22.3,140641,26087,18.5,393060,73033,18.6,4600736,385204,8.4,3930440,333356,8.5,302050,67963,22.5,1192717,126669,10.6,1241754,96308,7.8,1193919,42416,3.6,3064883,209748,6.8,2968682,179995,6.1,1543972,72281,4.7,1424710,107714,7.6,96201,29753,30.9,54457,16195,29.7,41744,13558,32.5,4568900,468838,10.3,2125146,48603,2.3,1107096,181782,16.4,1336658,238453,17.8,274093,(X),(X),845387,(X),(X),1042169,(X),(X),1373986,(X),(X),1523517,(X),(X),2485101,(X),(X),3387296,(X),(X),4076171,(X),(X)
0400000US72,Puerto Rico,3165711,1363666,43.1,588499,335044,56.9,124657,80321,64.4,463842,254723,54.9,586931,333537,56.8,1923885,779041,40.5,686159,312901,45.6,1237726,466140,37.7,863601,332660,38.5,653327,249581,38.2,1501118,616743,41.1,1664593,746923,44.9,2058934,841615,40.9,397448,177787,44.7,N,N,N,N,N,N,N,N,N,546795,276928,50.6,152610,63305,41.5,3125009,1348583,43.2,30487,11796,38.7,2268253,882680,38.9,506366,311508,61.5,638393,290378,45.5,516021,180389,35.0,607473,100405,16.5,1181519,343563,29.1,1003599,222612,22.2,533060,115046,21.6,470539,107566,22.9,177920,120951,68.0,94224,61200,65.0,83696,59751,71.4,2660166,1070969,40.3,661189,69438,10.5,422038,186867,44.3,1576939,814664,51.7,734815,(X),(X),1648770,(X),(X),1894139,(X),(X),2180509,(X),(X),2286300,(X),(X),2729229,(X),(X),2926820,(X),(X),3025603,(X),(X)
0400000US20,Kansas,2825680,338175,12.0,691389,103210,14.9,183540,30827,16.8,507849,72383,14.3,687693,99649,14.5,1690716,199678,11.8,630113,105807,16.8,1060603,93871,8.9,626100,53279,8.5,443575,35287,8.0,1399263,151254,10.8,1426417,186921,13.1,2383208,244555,10.3,160357,40545,25.3,24452,5706,23.3,79788,9191,11.5,N,N,N,71958,15762,21.9,103302,22219,21.5,338740,65723,19.4,2144757,202742,9.5,1873040,170161,9.1,165079,37262,22.6,469203,58288,12.4,597010,51316,8.6,641748,23295,3.6,1485078,116065,7.8,1430307,98594,6.9,758934,43621,5.7,671373,54973,8.2,54771,17471,31.9,28131,8033,28.6,26640,9438,35.4,2212230,245255,11.1,1037046,27458,2.6,527409,94650,17.9,647775,123147,19.0,143862,(X),(X),460532,(X),(X),583277,(X),(X),767897,(X),(X),847184,(X),(X),1349418,(X),(X),1785324,(X),(X),2092023,(X),(X)
0400000US51,Virginia,8264095,884647,10.7,1840287,252475,13.7,493819,75595,15.3,1346468,176880,13.1,1831892,244432,13.3,5131420,523832,10.2,1840264,258589,14.1,3291156,265243,8.1,1816755,156557,8.6,1292388,108340,8.4,4034681,379961,9.4,4229414,504686,11.9,5586872,493699,8.8,1558310,271557,17.4,20493,2580,12.6,545335,45165,8.3,5172,649,12.5,209399,35161,16.8,338514,35836,10.6,788741,100988,12.8,5086996,432971,8.5,5726533,489912,8.6,564828,123291,21.8,1356659,173719,12.8,1524649,123348,8.1,2280397,69554,3.1,4331012,247746,5.7,4153064,204972,4.9,2155583,83152,3.9,1997481,121820,6.1,177948,42774,24.0,91037,19211,21.1,86911,23563,27.1,6631105,657781,9.9,3110885,57739,1.9,1455477,208080,14.3,2064743,391962,19.0,423400,(X),(X),1146100,(X),(X),1428888,(X),(X),1864475,(X),(X),2063606,(X),(X),3257100,(X),(X),4334631,(X),(X),5226471,(X),(X)
0400000US38,North Dakota,736671,78676,10.7,172631,17145,9.9,51223,6268,12.2,121408,10877,9.0,172148,16673,9.7,453786,50193,11.1,188222,30871,16.4,265564,19322,7.3,155676,14906,9.6,110254,11338,10.3,378232,38436,10.2,358439,40240,11.2,631224,56504,9.0,25088,6305,25.1,40227,10260,25.5,13350,2080,15.6,N,N,N,9312,1396,15.0,17135,1953,11.4,26313,4459,16.9,617303,54106,8.8,491096,42092,8.6,36054,9406,26.1,125142,13825,11.0,182148,12574,6.9,147752,6287,4.3,405855,28337,7.0,395126,24036,6.1,214066,11669,5.5,181060,12367,6.8,10729,4301,40.1,6405,2158,33.7,4324,2143,49.6,580421,63096,10.9,297766,6614,2.2,137342,25447,18.5,145313,31035,21.4,39586,(X),(X),107592,(X),(X),134569,(X),(X),168771,(X),(X),190032,(X),(X),298077,(X),(X),414750,(X),(X),505127,(X),(X)
0400000US34,New Jersey,8739304,832133,9.5,1931396,264253,13.7,511150,78392,15.3,1420246,185861,13.1,1925796,259521,13.5,5407136,456017,8.4,1836937,191694,10.4,3570199,264323,7.4,1979537,155176,7.8,1400772,111863,8.0,4251083,359002,8.4,4488221,473131,10.5,5860961,433429,7.4,1162730,188638,16.2,20658,1487,7.2,851198,61026,7.2,N,N,N,598049,120812,20.2,242799,26535,10.9,1815887,310509,17.1,4784084,263464,5.5,6105702,481565,7.9,586314,131111,22.4,1589297,160175,10.1,1413749,105819,7.5,2516342,84460,3.4,4705683,231591,4.9,4476341,182029,4.1,2354409,77248,3.3,2121932,104781,4.9,229342,49562,21.6,120727,24142,20.0,108615,25420,23.4,7031965,594094,8.4,3247867,54971,1.7,1580000,165558,10.5,2204098,373565,16.9,371646,(X),(X),1117605,(X),(X),1372078,(X),(X),1762779,(X),(X),1926609,(X),(X),3004777,(X),(X),4008042,(X),(X),4949929,(X),(X)
0400000US39,Ohio,11362304,1578673,13.9,2540270,495616,19.5,678936,152478,22.5,1861334,343138,18.4,2529124,485380,19.2,6893270,916722,13.3,2451056,429140,17.5,4442214,487582,11.0,2716468,250531,9.2,1928764,166335,8.6,5551151,701321,12.6,5811153,877352,15.1,9230771,1028308,11.1,1384012,397619,28.7,24858,6282,25.3,262297,31027,11.8,N,N,N,109857,28554,26.0,346561,85404,24.6,441653,104992,23.8,8951932,966796,10.8,7874759,875662,11.1,709388,201239,28.4,2557850,345510,13.5,2296016,239443,10.4,2311505,89470,3.9,5876759,463656,7.9,5591160,363700,6.5,2891218,149911,5.2,2699942,213789,7.9,285599,99956,35.0,160576,48136,30.0,125023,51820,41.4,9127937,1130427,12.4,4001970,98754,2.5,2119759,381991,18.0,3006208,649682,21.6,698757,(X),(X),2047923,(X),(X),2508012,(X),(X),3213724,(X),(X),3523968,(X),(X),5407369,(X),(X),7078758,(X),(X),8385695,(X),(X)
0400000US45,South Carolina,4944754,755215,15.3,1088536,245821,22.6,282642,67989,24.1,805894,177832,22.1,1085204,242983,22.4,2974562,425854,14.3,1057934,195726,18.5,1916628,230128,12.0,1208312,128019,10.6,881656,83540,9.5,2379551,326340,13.7,2565203,428875,16.7,3327892,356462,10.7,1305150,331947,25.4,23405,6049,25.8,78395,8301,10.6,N,N,N,91485,27580,30.1,114727,23697,20.7,285091,77115,27.0,3156619,314527,10.0,3437841,411352,12.0,385358,107941,28.0,1021895,158247,15.5,1045744,106164,10.2,984844,39000,4.0,2424526,204908,8.5,2298058,163732,7.1,1175075,64633,5.5,1122983,99099,8.8,126468,41176,32.6,61831,15451,25.0,64637,25725,39.8,3980422,531240,13.3,1682608,54957,3.3,840447,154148,18.3,1457367,322135,22.1,334323,(X),(X),985027,(X),(X),1242429,(X),(X),1599200,(X),(X),1738359,(X),(X),2603948,(X),(X),3316260,(X),(X),3813512,(X),(X)
0400000US13,Georgia,10238658,1468642,14.3,2463436,504745,20.5,635094,140442,22.1,1828342,364303,19.9,2452439,494416,20.2,6349423,818172,12.9,2328721,366222,15.7,4020702,451950,11.2,2034117,220323,10.8,1425799,145725,10.2,4941534,632176,12.8,5297124,836466,15.8,5996975,654458,10.9,3196234,640712,20.0,32736,7501,22.9,428672,41579,9.7,N,N,N,292540,68782,23.5,277615,51673,18.6,998046,212499,21.3,5374920,530610,9.9,6854336,779412,11.4,825863,217480,26.3,1890691,273737,14.5,1920594,195733,10.2,2217188,92462,4.2,5172870,390845,7.6,4928770,313240,6.4,2548666,129768,5.1,2380104,183472,7.7,244100,77605,31.8,118022,31292,26.5,126078,46313,36.7,8068506,1012374,12.5,3682991,108474,2.9,1664219,283057,17.0,2721296,620843,22.8,668662,(X),(X),1954123,(X),(X),2427462,(X),(X),3094768,(X),(X),3393358,(X),(X),5084230,(X),(X),6488138,(X),(X),7504626,(X),(X)
0400000US08,Colorado,5577020,537492,9.6,1254115,149487,11.9,331810,39308,11.8,922305,110179,11.9,1247488,143078,11.5,3529275,329127,9.3,1351936,167793,12.4,2177339,161334,7.4,1139332,90205,7.9,793630,58878,7.4,2789919,242400,8.7,2787101,295092,10.6,4695611,408335,8.7,227729,40998,18.0,52026,9754,18.7,176483,17234,9.8,N,N,N,193436,31733,16.4,224223,28955,12.9,1205551,175140,14.5,3788167,282973,7.5,3846402,298076,7.7,305435,57274,18.8,788398,81534,10.3,1131733,93873,8.3,1620836,65395,4.0,3087278,173591,5.6,2967737,140659,4.7,1587557,60802,3.8,1380180,79857,5.8,119541,32932,27.5,68023,17664,26.0,51518,15268,29.6,4463070,402905,9.0,2137674,35977,1.7,1109960,151741,13.7,1215436,215187,17.7,255879,(X),(X),718908,(X),(X),907663,(X),(X),1229133,(X),(X),1377239,(X),(X),2233786,(X),(X),3018956,(X),(X),3651812,(X),(X)
0400000US15,Hawaii,1382448,122143,8.8,297248,35368,11.9,84946,12592,14.8,212302,22776,10.7,296149,34407,11.6,827936,69983,8.5,298900,29472,9.9,529036,40511,7.7,350681,24703,7.0,257264,16792,6.5,686107,55678,8.1,696341,66465,9.5,330638,31569,9.5,26330,1449,5.5,N,N,N,525873,27271,5.2,140599,23776,16.9,16391,798,4.9,339541,36461,10.7,145813,17110,11.7,295269,27374,9.3,981251,74597,7.6,77213,12595,16.3,260045,27405,10.5,312353,21497,6.9,331640,13100,4.0,706966,34847,4.9,679811,28176,4.1,348551,13916,4.0,331260,14260,4.3,27155,6671,24.6,15177,3628,23.9,11978,3043,25.4,1115395,90100,8.1,520876,7584,1.5,238790,28655,12.0,355729,53861,15.1,61108,(X),(X),163511,(X),(X),203639,(X),(X),269298,(X),(X),303255,(X),(X),496563,(X),(X),704853,(X),(X),874662,(X),(X)
0400000US46,South Dakota,852419,111626,13.1,208983,34201,16.4,58842,10766,18.3,150141,23435,15.6,207599,33216,16.0,503567,64822,12.9,186902,33307,17.8,316665,31515,10.0,198352,18074,9.1,139869,12603,9.0,429532,51964,12.1,422887,59662,14.1,718319,61731,8.6,17636,2728,15.5,73880,38652,52.3,14480,1718,11.9,N,N,N,N,N,N,22428,5264,23.5,32630,7363,22.6,696976,58673,8.4,570164,57787,10.1,42447,10893,25.7,174555,22400,12.8,184194,17435,9.5,168968,7059,4.2,461627,35533,7.7,448344,30140,6.7,232919,13820,5.9,215425,16320,7.6,13283,5393,40.6,8127,3112,38.3,5156,2281,44.2,665528,81725,12.3,326360,8998,2.8,164650,30760,18.7,174518,41967,24.0,50823,(X),(X),149965,(X),(X),180098,(X),(X),234029,(X),(X),261055,(X),(X),418437,(X),(X),558921,(X),(X),659394,(X),(X)
0400000US18,Indiana,6489261,852638,13.1,1531482,275370,18.0,407790,81505,20.0,1123692,193865,17.3,1521430,265735,17.5,3941891,497092,12.6,1430169,243548,17.0,2511722,253544,10.1,1438699,122380,8.5,1015888,80176,7.9,3180841,373394,11.7,3308420,479244,14.5,5386341,584877,10.9,607488,162583,26.8,12801,2005,15.7,145133,25918,17.9,N,N,N,160282,35203,22.0,173746,41796,24.1,461239,97226,21.1,5120341,531604,10.4,4382852,445669,10.2,471863,112591,23.9,1437825,167276,11.6,1269679,116983,9.2,1203485,48819,4.1,3355133,244267,7.3,3208726,198002,6.2,1685083,79897,4.7,1523643,118105,7.8,146407,46265,31.6,77271,20792,26.9,69136,25473,36.8,5133365,608042,11.8,2314247,58011,2.5,1185547,207158,17.5,1633571,342873,21.0,396763,(X),(X),1143102,(X),(X),1421273,(X),(X),1845974,(X),(X),2018828,(X),(X),3186976,(X),(X),4206327,(X),(X),4969874,(X),(X)
0400000US21,Kentucky,4326305,730408,16.9,980918,225710,23.0,265736,65327,24.6,715182,160383,22.4,976217,221371,22.7,2635871,432210,16.4,934405,186755,20.0,1701466,245455,14.4,1001253,115832,11.6,709516,72488,10.2,2115365,324947,15.4,2210940,405461,18.3,3765168,586690,15.6,333084,93664,28.1,8007,1993,24.9,63749,8117,12.7,N,N,N,49995,15964,31.9,101540,21514,21.2,155266,38568,24.8,3669966,566242,15.4,2974275,412878,13.9,382731,120952,31.6,965030,156368,16.2,878011,103986,11.8,748503,31572,4.2,2082911,184318,8.8,1975779,146404,7.4,1036083,66594,6.4,939696,79810,8.5,107132,37914,35.4,56649,18050,31.9,50483,19864,39.3,3454848,525641,15.2,1423529,44179,3.1,749176,149305,19.9,1282143,332157,25.9,325902,(X),(X),938992,(X),(X),1157682,(X),(X),1456057,(X),(X),1584033,(X),(X),2324929,(X),(X),2957639,(X),(X),3396657,(X),(X)
0400000US22,Louisiana,4529028,843626,18.6,1082739,283218,26.2,297386,86541,29.1,785353,196677,25.0,1080523,281354,26.0,2747404,473689,17.2,1023585,213231,20.8,1723819,260458,15.1,994217,133406,13.4,698885,86719,12.4,2187030,367056,16.8,2341998,476570,20.3,2815645,358365,12.7,1448658,434337,30.0,25144,4668,18.6,74863,9484,12.7,N,N,N,61038,12565,20.6,102547,23957,23.4,229848,50836,22.1,2664376,324313,12.2,3048288,456264,15.0,413275,137194,33.2,1040781,182516,17.5,840158,97219,11.6,754074,39335,5.2,2140578,217819,10.2,2005032,161427,8.1,1026012,61207,6.0,979020,100220,10.2,135546,56392,41.6,73852,26837,36.3,61694,29555,47.9,3565147,586798,16.5,1486215,60117,4.0,705886,142483,20.2,1373046,384198,28.0,365987,(X),(X),1113022,(X),(X),1342876,(X),(X),1667470,(X),(X),1811484,(X),(X),2521333,(X),(X),3085435,(X),(X),3500211,(X),(X)
0400000US53,Washington,7400557,759013,10.3,1634222,204470,12.5,449434,59078,13.1,1184788,145392,12.3,1626117,196892,12.1,4622518,471653,10.2,1744757,233132,13.4,2877761,238521,8.3,1614076,121494,7.5,1143817,82890,7.2,3687180,349050,9.5,3713377,409963,11.0,5542744,491866,8.9,282661,56543,20.0,94649,17637,18.6,650749,65010,10.0,52393,8703,16.6,337336,62403,18.5,440025,56851,12.9,952214,155969,16.4,5028353,413252,8.2,5159267,437344,8.5,427996,84922,19.8,1116771,130487,11.7,1710553,147390,8.6,1903947,74545,3.9,3843266,225238,5.9,3680827,181113,4.9,1972252,79104,4.0,1708575,102009,6.0,162439,44125,27.2,89260,24305,27.2,73179,19820,27.1,5944447,574929,9.7,2605444,42252,1.6,1453937,201629,13.9,1885066,331048,17.6,350974,(X),(X),1002777,(X),(X),1251041,(X),(X),1629722,(X),(X),1816838,(X),(X),2936732,(X),(X),3987310,(X),(X),4795778,(X),(X)
0400000US17,Illinois,12447271,1509247,12.1,2817981,456926,16.2,749060,132775,17.7,2068921,324151,15.7,2806387,446282,15.9,7703754,881959,11.4,2805857,417917,14.9,4897897,464042,9.5,2731124,255916,9.4,1925536,170362,8.8,6095067,662565,10.9,6352204,846682,13.3,8941073,834662,9.3,1719422,426837,24.8,34709,3606,10.4,705078,82741,11.7,N,N,N,708479,108274,15.3,333348,52725,15.8,2175270,317257,14.6,7594356,641473,8.4,8558519,839871,9.8,872464,194716,22.3,2212037,280767,12.7,2436097,235319,9.7,3037921,129069,4.2,6623753,454819,6.9,6258807,343954,5.5,3276364,144639,4.4,2982443,199315,6.7,364946,110865,30.4,190657,53610,28.1,174289,57255,32.9,9957702,1100920,11.1,4471962,97326,2.2,2341641,346097,14.8,3144099,657497,20.9,695247,(X),(X),1997989,(X),(X),2471119,(X),(X),3183185,(X),(X),3498512,(X),(X),5428655,(X),(X),7113491,(X),(X),8441244,(X),(X)
0400000US19,Iowa,3055939,343504,11.2,719504,97222,13.5,195530,28246,14.4,523974,68976,13.2,715678,93518,13.1,1820730,209679,11.5,659343,114113,17.3,1161387,95566,8.2,718844,53320,7.4,515705,36603,7.1,1512260,150492,10.0,1543679,193012,12.5,2760739,272631,9.9,107690,33020,30.7,10446,1480,14.2,77818,11257,14.5,N,N,N,30185,7627,25.3,65675,16650,25.4,186209,37417,20.1,2614232,244599,9.4,2066198,175332,8.5,154844,32900,21.2,629953,69327,11.0,674845,53141,7.9,606556,19964,3.3,1653474,118646,7.2,1595378,100061,6.3,836041,39855,4.8,759337,60206,7.9,58096,18585,32.0,31181,8300,26.6,26915,10285,38.2,2418906,256718,10.6,1149714,28616,2.5,587341,101793,17.3,681851,126309,18.5,154683,(X),(X),471351,(X),(X),587223,(X),(X),764138,(X),(X),850558,(X),(X),1382761,(X),(X),1884721,(X),(X),2242298,(X),(X)
0400000US33,New Hampshire,1312006,100220,7.6,252085,26830,10.6,61329,7995,13.0,190756,18835,9.9,250778,25523,10.2,822986,60301,7.3,269119,28088,10.4,553867,32213,5.8,337912,19048,5.6,236935,13089,5.5,646556,44145,6.8,665450,56075,8.4,1216879,86537,7.1,20043,5510,27.5,N,N,N,34550,4031,11.7,N,N,N,8775,1390,15.8,27752,2509,9.0,50156,10563,21.1,1182110,79156,6.7,956336,59376,6.2,64060,11180,17.5,262111,23690,9.0,274513,13600,5.0,355652,10906,3.1,745501,27133,3.6,719651,21552,3.0,376398,8288,2.2,343253,13264,3.9,25850,5581,21.6,16251,3396,20.9,9599,2185,22.8,1090953,75729,6.9,508522,3345,0.7,272564,25167,9.2,309867,47217,15.2,49395,(X),(X),136377,(X),(X),172085,(X),(X),233984,(X),(X),258580,(X),(X),444128,(X),(X),635330,(X),(X),795150,(X),(X)
0400000US44,Rhode Island,1016469,131205,12.9,200202,36135,18.0,53873,10719,19.9,146329,25416,17.4,198983,34916,17.5,640833,75370,11.8,231456,35074,15.2,409377,40296,9.8,250144,25008,10.0,175434,19700,11.2,496308,60485,12.2,520161,70720,13.6,822512,89182,10.8,66887,11962,17.9,N,N,N,33796,6824,20.2,N,N,N,58015,17074,29.4,30569,4981,16.3,162700,47680,29.3,726907,60245,8.3,729069,81330,11.2,77613,22526,29.0,205998,30389,14.8,192736,15906,8.3,252722,12509,4.9,548286,35983,6.6,518908,27268,5.3,263320,12318,4.7,255588,14950,5.8,29378,8715,29.7,18184,4875,26.8,11194,3840,34.3,843868,99134,11.7,360417,5678,1.6,198768,26867,13.5,284683,66589,23.4,56774,(X),(X),170195,(X),(X),204486,(X),(X),254532,(X),(X),274660,(X),(X),415036,(X),(X),564138,(X),(X),678071,(X),(X)
0400000US05,Arkansas,2925448,504504,17.2,690886,170769,24.7,185545,53630,28.9,505341,117139,23.2,687279,167359,24.4,1743670,283453,16.3,641798,132539,20.7,1101872,150914,13.7,676949,76650,11.3,490892,50282,10.2,1424685,214846,15.1,1500763,289658,19.3,2244044,312912,13.9,436368,132623,30.4,20117,4679,23.3,46691,7099,15.2,9132,2776,30.4,82557,20757,25.1,86539,23658,27.3,225030,53598,23.8,2113842,286196,13.5,1977082,264252,13.4,248034,65359,26.4,667124,103022,15.4,595111,72418,12.2,466813,23453,5.0,1371578,131772,9.6,1310782,107891,8.2,685961,42966,6.3,624821,64925,10.4,60796,23881,39.3,32296,11420,35.4,28500,12461,43.7,2312881,349029,15.1,982977,38417,3.9,448268,98204,21.9,881636,212408,24.1,196541,(X),(X),674173,(X),(X),836345,(X),(X),1065029,(X),(X),1161204,(X),(X),1692842,(X),(X),2093925,(X),(X),2364561,(X),(X)
0400000US10,Delaware,940786,117242,12.5,198852,37283,18.7,52630,10074,19.1,146222,27209,18.6,198163,36594,18.5,565047,69087,12.2,197589,29757,15.1,367458,39330,10.7,244027,19015,7.8,176887,10872,6.1,452935,52576,11.6,487851,64666,13.3,644730,58898,9.1,207086,41929,20.2,4311,640,14.8,38894,4484,11.5,N,N,N,19562,5172,26.4,25337,6065,23.9,89340,17744,19.9,584406,48371,8.3,669042,67261,10.1,65039,13882,21.3,221879,29023,13.1,169914,15712,9.2,212210,8644,4.1,483202,33624,7.0,455494,25781,5.7,230720,11407,4.9,224774,14374,6.4,27708,7843,28.3,14494,3988,27.5,13214,3855,29.2,765659,83907,11.0,328978,8555,2.6,169169,25967,15.3,267512,49385,18.5,50635,(X),(X),149652,(X),(X),179853,(X),(X),232013,(X),(X),256353,(X),(X),405497,(X),(X),532396,(X),(X),645267,(X),(X)
0400000US27,Minnesota,5488344,529077,9.6,1279942,149502,11.7,349748,42833,12.2,930194,106669,11.5,1274187,144080,11.3,3350050,314521,9.4,1202531,157239,13.1,2147519,157282,7.3,1211867,95598,7.9,858352,65054,7.6,2730313,238105,8.7,2758031,290972,10.5,4537631,337356,7.4,353979,96264,27.2,57648,19461,33.8,266899,34389,12.9,N,N,N,101410,15649,15.4,168444,25680,15.2,300637,56128,18.7,4368644,304246,7.0,3757888,289322,7.7,244606,59367,24.3,896143,97707,10.9,1225185,86138,7.0,1391954,46110,3.3,3047711,175188,5.7,2945779,146571,5.0,1523085,59710,3.9,1422694,86861,6.1,101932,28617,28.1,58157,14226,24.5,43775,14391,32.9,4350175,393895,9.1,2065848,35406,1.7,1130054,152247,13.5,1154273,206242,17.9,231376,(X),(X),713715,(X),(X),900015,(X),(X),1168138,(X),(X),1294243,(X),(X),2087980,(X),(X),2889233,(X),(X),3579554,(X),(X)
0400000US30,Montana,1037462,135114,13.0,224806,35999,16.0,60587,10981,18.1,164219,25018,15.2,222565,33828,15.2,617185,80695,13.1,219451,37382,17.0,397734,43313,10.9,274664,26290,9.6,195471,18420,9.4,521355,63966,12.3,516107,71148,13.8,922082,105129,11.4,N,N,N,64033,22273,34.8,7997,754,9.4,N,N,N,5698,747,13.1,31798,5469,17.2,40463,5180,12.8,893673,101613,11.4,724950,76886,10.6,42652,11272,26.4,201424,29571,14.7,248926,26694,10.7,231948,9349,4.0,538654,44875,8.3,520049,38860,7.5,272794,17779,6.5,247255,21081,8.5,18605,6015,32.3,11815,3425,29.0,6790,2590,38.1,837721,103365,12.3,350693,11007,3.1,229632,40070,17.4,257396,52288,20.3,56235,(X),(X),185654,(X),(X),231406,(X),(X),305285,(X),(X),338800,(X),(X),525228,(X),(X),674131,(X),(X),793759,(X),(X)
0400000US04,Arizona,7013444,983499,14.0,1616402,324622,20.1,427352,94276,22.1,1189050,230346,19.4,1609759,318887,19.8,4149779,552070,13.3,1586332,261125,16.5,2563447,290945,11.3,1679618,157385,9.4,1247263,106807,8.6,3455482,454105,13.1,3557962,529394,14.9,5486921,670088,12.2,320565,62453,19.5,322329,107376,33.3,233519,28479,12.2,14692,1268,8.6,355393,68178,19.2,280025,45657,16.3,2214446,434617,19.6,3820126,343953,9.0,4760442,530909,11.2,586805,147114,25.1,1129521,155274,13.7,1610410,157395,9.8,1433706,71126,5.0,3378989,265581,7.9,3200287,215916,6.7,1705177,108869,6.4,1495110,107047,7.2,178702,49665,27.8,96831,25737,26.6,81871,23928,29.2,5579658,692712,12.4,2294152,66982,2.9,1219496,204575,16.8,2066010,421155,20.4,440556,(X),(X),1319148,(X),(X),1640536,(X),(X),2132491,(X),(X),2355279,(X),(X),3590503,(X),(X),4575627,(X),(X),5291082,(X),(X)
0400000US12,Florida,20882651,2840977,13.6,4163985,819256,19.7,1115627,240153,21.5,3048358,579103,19.0,4142438,799866,19.3,12427250,1567616,12.6,4346007,652793,15.0,8081243,914823,11.3,5685962,624736,11.0,4291416,454105,10.6,10132036,1268823,12.5,10750615,1572154,14.6,15633596,1829740,11.7,3291774,698541,21.2,58399,9952,17.0,586117,73480,12.5,12617,2343,18.6,698676,141645,20.3,601472,85276,14.2,5493364,933824,17.0,11129598,1091364,9.8,15077833,1716353,11.4,1699004,406583,23.9,4291484,597469,13.9,4455984,433983,9.7,4631361,278318,6.0,10234230,749364,7.3,9709592,588135,6.1,5067657,269565,5.3,4641935,318570,6.9,524638,161229,30.7,270235,77400,28.6,254403,83829,33.0,17203473,2104389,12.2,7019753,198321,2.8,3509212,531903,15.2,6674508,1374165,20.6,1230013,(X),(X),3859725,(X),(X),4832239,(X),(X),6314372,(X),(X),6978927,(X),(X),10693721,(X),(X),13663009,(X),(X),15742357,(X),(X)
0400000US25,Massachusetts,6665083,663918,10.0,1345037,163788,12.2,349091,45937,13.2,995946,117851,11.8,1339067,158083,11.8,4216709,399979,9.5,1532269,187431,12.2,2684440,212548,7.9,1549804,137654,8.9,1103337,100151,9.1,3237356,291024,9.0,3427727,372894,10.9,5160564,422505,8.2,515926,92336,17.9,15445,3885,25.2,449172,51043,11.4,N,N,N,296907,61238,20.6,224294,32514,14.5,824298,194305,23.6,4720925,317956,6.7,4765515,405263,8.5,429660,98971,23.0,1103449,132353,12.0,1094848,90112,8.2,2137558,83827,3.9,3731768,175255,4.7,3560051,137206,3.9,1808172,54525,3.0,1751879,82681,4.7,171717,38049,22.2,94322,19284,20.4,77395,18765,24.2,5486283,518304,9.4,2461566,28299,1.1,1419584,155465,11.0,1605133,334540,20.8,309113,(X),(X),873162,(X),(X),1057808,(X),(X),1349404,(X),(X),1490023,(X),(X),2276389,(X),(X),3077408,(X),(X),3790926,(X),(X)
0400000US11,District of Columbia,669031,108055,16.2,125590,29048,23.1,45015,8835,19.6,80575,20213,25.1,125155,28613,22.9,459981,65050,14.1,211148,33043,15.6,248833,32007,12.9,116324,21403,18.4,83460,13957,16.7,317054,44156,13.9,351977,63899,18.2,280647,20037,7.1,307995,77830,25.3,N,N,N,24330,2109,8.7,N,N,N,30115,5183,17.2,23741,2667,11.2,75643,9862,13.0,245474,15767,6.4,493992,61948,12.5,38175,14685,38.5,80323,19702,24.5,74556,13168,17.7,300938,14393,4.8,402454,32037,8.0,371915,17163,4.6,178191,6049,3.4,193724,11114,5.7,30539,14874,48.7,14528,6476,44.6,16011,8398,52.5,554218,82097,14.8,301089,3461,1.1,104741,22947,21.9,148388,55689,37.5,64617,(X),(X),133555,(X),(X),149547,(X),(X),171442,(X),(X),182283,(X),(X),246319,(X),(X),307860,(X),(X),359282,(X),(X)
0400000US49,Utah,3110944,280773,9.0,919114,87445,9.5,247392,25914,10.5,671722,61531,9.2,916391,85107,9.3,1845107,172273,9.3,796609,101698,12.8,1048498,70575,6.7,494032,32730,6.6,346723,21055,6.1,1564372,127056,8.1,1546572,153717,9.9,2667968,212575,8.0,38396,8006,20.9,33821,9325,27.6,74987,9555,12.7,29062,3122,10.7,167012,28097,16.8,99698,10093,10.1,440269,69395,15.8,2424335,175448,7.2,1852741,129656,7.0,137609,25175,18.3,419025,38898,9.3,645805,40132,6.2,650302,25451,3.9,1571266,96160,6.1,1521838,82986,5.5,844775,36944,4.4,677063,46042,6.8,49428,13174,26.7,27160,5880,21.6,22268,7294,32.8,2290790,202715,8.8,1029403,21361,2.1,629226,81655,13.0,632161,99699,15.8,131030,(X),(X),393198,(X),(X),510913,(X),(X),712333,(X),(X),800687,(X),(X),1398412,(X),(X),1940775,(X),(X),2320908,(X),(X)
0400000US36,New York,19037564,2591391,13.6,3993286,743024,18.6,1116698,218398,19.6,2876588,524626,18.2,3972026,723189,18.2,11927434,1480761,12.4,4405379,643724,14.6,7522055,837037,11.1,4376668,511978,11.7,3116844,367606,11.8,9213937,1125787,12.2,9823627,1465604,14.9,12072912,1239466,10.3,2956137,592130,20.0,82068,15955,19.4,1630354,235308,14.4,9105,2473,27.2,1657736,394438,23.8,629252,111621,17.7,3670609,781088,21.3,10524371,961247,9.1,13472753,1550288,11.5,1700842,470675,27.7,3462072,497263,14.4,3244796,328147,10.1,5065043,254203,5.0,9912791,655547,6.6,9424054,510504,5.4,4843707,225712,4.7,4580347,284792,6.2,488737,145043,29.7,268088,73781,27.5,220649,71262,32.3,15503223,1928710,12.4,6787169,137755,2.0,3421580,516447,15.1,5294474,1274508,24.1,1175106,(X),(X),3381210,(X),(X),4092272,(X),(X),5182369,(X),(X),5635417,(X),(X),8246587,(X),(X),10588145,(X),(X),12473909,(X),(X)